mysql> select * from wizard where birthday between '1975-01-01' and '1985-01-01' ;
+----+-----------+----------+------------+-------------+---------------------------------------+-----------+
| id | firstname | lastname | birthday   | birth_place | biography                             | is_muggle |
+----+-----------+----------+------------+-------------+---------------------------------------+-----------+
|  1 | hermione  | granger  | 1979-09-19 |             | Friend of Harry Potter                |         0 |
|  3 | ron       | weasley  | 1980-03-01 |             | Best friend of Harry                  |         0 |
|  4 | ginny     | weasley  | 1981-08-11 |             | Sister of Ron and girlfriend of Harry |         0 |
|  5 | fred      | weasley  | 1978-04-01 |             |                                       |         0 |
|  6 | george    | weasley  | 1978-04-01 |             |                                       |         0 |
|  9 | drago     | malefoy  | 1980-06-05 |             |                                       |         0 |
| 13 | dudley    | dursley  | 1980-06-23 |             | Cousin d'Harry                        |         1 |
| 14 | harry     | potter   | 1980-07-31 | london      |                                       |         0 |
+----+-----------+----------+------------+-------------+---------------------------------------+-----------+
8 rows in set (0.00 sec)
------------------------------------------------------------------------------------------------------------------------

mysql> select firstname from wizard where firstname like 'H%' ;
+-----------+
| firstname |
+-----------+
| hermione  |
| harry     |
+-----------+
2 rows in set (0.00 sec)

------------------------------------------------------------------------------------------------------------------------
mysql> SELECT firstname, lastname FROM wizard WHERE lastname='Potter' ORDER BY firstname ASC, birthday DESC ;
+-----------+----------+
| firstname | lastname |
+-----------+----------+
| harry     | potter   |
| lily      | potter   |
+-----------+----------+
2 rows in set (0.00 sec)
-------------------------------------------------------------------------------------------------------------------------
mysql> SELECT firstname, lastname, birthday  FROM wizard WHERE birthday ORDER BY birthday ASC LIMIT 1;
+-----------+------------+------------+
| firstname | lastname   | birthday   |
+-----------+------------+------------+
| albus     | dumbledore | 1881-07-01 |
+-----------+------------+------------+
1 row in set (0.01 sec)

